date,season,country,league,team1,team2,home,draw,away,over,under,yes,no,link,result,amount,both
14.05.2017,2017,italy,serie-d-group-a-2016-2017,S. N. Notaresco,Vis Pesaro,1.86,3.24,3.72,2.34,1.52,1.73,2.0,https://www.oddsportal.com/soccer/italy/serie-d-group-a-2016-2017/bisceglie-ravenna-v1dzZFFf/,2,1,0
05.03.2017,2017,italy,serie-d-group-a-2016-2017,Ravenna,Adriese,1.41,4.0,6.9,1.81,2.01,1.62,2.2,https://www.oddsportal.com/soccer/italy/serie-d-group-a-2016-2017/monza-mestre-8ARaki7C/,1,2,0
24.05.2017,2017,italy,serie-d-group-a-2016-2017,Bisceglie,Sicula Leonzio,3.62,1.58,5.89,2.48,1.51,1.91,1.8,https://www.oddsportal.com/soccer/italy/serie-d-group-a-2016-2017/bisceglie-sicula-leonzio-UPF8mVyP/,0,2,1
11.12.2016,2016,italy,serie-d-group-a-2016-2017,Scandicci,Fiorenzuola,1.77,3.26,3.93,1.94,1.75,1.67,2.1,https://www.oddsportal.com/soccer/italy/serie-d-group-a-2016-2017/monza-ravenna-rwiQe2tm/,2,2,0
10.12.2017,2017,italy,serie-d-group-d-2017-2018,Romagna Centro,Sasso Marconi,1.93,3.3,3.46,1.97,1.78,1.57,2.25,https://www.oddsportal.com/soccer/italy/serie-d-group-d-2017-2018/correggese-lentigione-v94TCoIP/,1,3,0
23.05.2018,2018,italy,serie-d-group-a-2017-2018,Albissola,Vis Pesaro,1.67,3.95,4.49,1.72,2.05,1.62,2.2,https://www.oddsportal.com/soccer/italy/serie-d-group-a-2017-2018/albissola-vis-pesaro-0Ye43MAH/,1,2,0
17.12.2017,2017,italy,serie-d-group-d-2017-2018,Rimini,Vivi Altotevere,1.47,4.2,5.85,1.73,2.03,1.67,2.1,https://www.oddsportal.com/soccer/italy/serie-d-group-d-2017-2018/rimini-vivi-altotevere-sansepolcro-zVf2QJ4F/,1,1,0
08.10.2017,2017,italy,serie-d-group-a-2017-2018,Correggese,Sammaurese,2.22,3.28,2.79,1.69,2.09,1.57,2.25,https://www.oddsportal.com/soccer/italy/serie-d-group-a-2017-2018/cavese-taranto-lhcu5ZoM/,1,1,0
26.11.2017,2017,italy,serie-d-group-d-2017-2018,Lentigione,Sasso Marconi,1.84,3.3,4.1,2.11,1.61,1.73,2.0,https://www.oddsportal.com/soccer/italy/serie-d-group-d-2017-2018/romagna-centro-sammaurese-hEHsz0c0/,0,0,0
13.09.2017,2017,italy,serie-d-group-d-2017-2018,Fiorenzuola,Pianese,2.36,3.26,2.51,1.84,1.87,1.67,2.1,https://www.oddsportal.com/soccer/italy/serie-d-group-d-2017-2018/fiorenzuola-pianese-Q3X2sr5Q/,1,1,0
23.05.2018,2018,italy,serie-d-group-a-2017-2018,Rieti,Vibonese,2.2,3.48,2.79,1.66,2.15,1.57,2.25,https://www.oddsportal.com/soccer/italy/serie-d-group-a-2017-2018/fc-rieti-vibonese-AsOXofup/,2,3,1
26.11.2017,2017,italy,serie-d-group-d-2017-2018,Sammaurese,Villabiagio,2.27,3.24,2.75,2.25,1.60,1.8,1.91,https://www.oddsportal.com/soccer/italy/serie-d-group-d-2017-2018/correggese-mezzolara-dWH3JKAE/,1,1,0
08.04.2018,2018,italy,serie-d-group-d-2017-2018,Colligiana,Sasso Marconi,2.7,3.24,2.44,2.00,1.76,1.73,2.0,https://www.oddsportal.com/soccer/italy/serie-d-group-d-2017-2018/colligiana-sasso-marconi-pGxsXwuE/,0,0,0
19.11.2017,2017,italy,serie-d-group-d-2017-2018,Sasso Marconi,Colligiana,2.12,3.4,2.88,1.65,2.20,1.5,2.5,https://www.oddsportal.com/soccer/italy/serie-d-group-d-2017-2018/sasso-marconi-colligiana-hWIZ1O40/,1,4,0
03.09.2017,2017,italy,serie-d-group-d-2017-2018,Romagna Centro,Villabiagio,1.82,3.4,3.76,1.95,1.85,1.91,1.8,https://www.oddsportal.com/soccer/italy/serie-d-group-d-2017-2018/fiorenzuola-colligiana-jgH7IvQK/,2,5,1
29.03.2018,2018,italy,serie-d-group-d-2017-2018,Sasso Marconi,Sammaurese,2.61,2.84,2.88,2.46,1.49,2.1,1.67,https://www.oddsportal.com/soccer/italy/serie-d-group-d-2017-2018/sasso-marconi-sammaurese-dfdnBdIf/,2,1,0
22.10.2017,2017,italy,serie-d-group-d-2017-2018,Tuttocuoio,Sasso Marconi,1.77,3.38,3.94,2.77,1.41,2.5,1.49,https://www.oddsportal.com/soccer/italy/serie-d-group-d-2017-2018/correggese-sasso-marconi-WtYbrOkK/,0,2,1
06.05.2018,2018,italy,serie-d-group-d-2017-2018,Trestina,Pianese,2.21,3.58,2.78,1.70,2.08,1.57,2.25,https://www.oddsportal.com/soccer/italy/serie-d-group-d-2017-2018/sporting-trestina-pianese-06HyqYZf/,1,4,1
20.09.2017,2017,italy,serie-d-group-a-2017-2018,Colligiana,Tuttocuoio,2.4,3.5,2.42,1.73,2.03,1.62,2.2,https://www.oddsportal.com/soccer/italy/serie-d-group-a-2017-2018/matelica-aquila-calcio-CpFaq8fC/,0,2,1
29.03.2018,2018,italy,serie-d-group-d-2017-2018,Rimini,Imolese,1.84,3.35,4.09,1.96,1.80,1.67,2.1,https://www.oddsportal.com/soccer/italy/serie-d-group-d-2017-2018/rimini-imolese-lUdrCx3l/,1,3,1
13.05.2018,2018,italy,serie-d-group-a-2017-2018,Altamura,Taranto,2.41,3.24,2.73,1.73,2.03,1.67,2.1,https://www.oddsportal.com/soccer/italy/serie-d-group-a-2017-2018/altamura-taranto-QshM09Pn/,2,2,0
29.03.2018,2018,italy,serie-d-group-a-2017-2018,Castelvetro,Vigor Carpaneto,2.34,3.05,2.99,1.89,1.85,1.67,2.1,https://www.oddsportal.com/soccer/italy/serie-d-group-a-2017-2018/pergolettese-darfo-boario-reMupY9d/,2,3,0
10.09.2017,2017,italy,serie-d-group-d-2017-2018,Sasso Marconi,Trestina,2.39,3.2,2.62,1.90,1.84,1.67,2.1,https://www.oddsportal.com/soccer/italy/serie-d-group-d-2017-2018/mezzolara-forli-fc-EwZRSi9G/,2,3,1
26.11.2017,2017,italy,serie-d-group-a-2017-2018,Montevarchi Calcio,Vivi Altotevere,1.78,3.48,3.8,1.69,2.09,1.62,2.2,https://www.oddsportal.com/soccer/italy/serie-d-group-a-2017-2018/cavese-audace-cerignola-rJ2H1kAt/,1,2,0
02.06.2018,2018,italy,serie-d-group-a-2017-2018,Pro Patria,Vibonese,2.46,3.12,2.76,1.89,1.86,1.62,2.2,https://www.oddsportal.com/soccer/italy/serie-d-group-a-2017-2018/pro-patria-vibonese-j1w7kWeg/,1,3,1
03.09.2017,2017,italy,serie-d-group-d-2017-2018,Rimini,Fiorenzuola,1.59,3.6,4.88,2.09,1.69,1.83,1.83,https://www.oddsportal.com/soccer/italy/serie-d-group-d-2017-2018/tuttocuoio-vigor-carpaneto-rDBdr1qp/,0,2,1
03.12.2017,2017,italy,serie-d-group-a-2017-2018,Sasso Marconi,Imolese,3.66,3.5,1.88,1.61,2.23,1.57,2.25,https://www.oddsportal.com/soccer/italy/serie-d-group-a-2017-2018/rezzato-darfo-boario-hzaQU8uJ/,2,2,0
27.05.2018,2018,italy,serie-d-group-a-2017-2018,Vesuvio Ercolanese,Igea Virtus,2.05,3.01,3.51,1.77,1.97,1.67,2.1,https://www.oddsportal.com/soccer/italy/serie-d-group-a-2017-2018/vesuvio-ercolanese-igea-virtus-GpbVouA7/,2,3,0
22.10.2017,2017,italy,serie-d-group-a-2017-2018,Mezzolara,Romagna Centro,2.42,3.0,2.74,1.83,1.93,1.73,2.0,https://www.oddsportal.com/soccer/italy/serie-d-group-a-2017-2018/gozzano-vibonese-dA4ZFGEB/,0,0,0
29.04.2018,2018,italy,serie-d-group-d-2017-2018,Forli,Mezzolara,1.83,3.05,4.62,2.14,1.66,1.91,1.8,https://www.oddsportal.com/soccer/italy/serie-d-group-d-2017-2018/forli-fc-mezzolara-4bY9i5Mc/,1,3,0
27.05.2018,2018,italy,serie-d-group-a-2017-2018,Imolese,Forli,2.13,3.33,2.95,1.64,2.09,1.57,2.25,https://www.oddsportal.com/soccer/italy/serie-d-group-a-2017-2018/imolese-forli-fc-6uK0Cazn/,1,1,0
13.09.2017,2017,italy,serie-d-group-d-2017-2018,Imolese,Lentigione,2.05,3.21,3.04,2.05,1.66,1.67,2.1,https://www.oddsportal.com/soccer/italy/serie-d-group-d-2017-2018/imolese-lentigione-2POUx2Ds/,2,1,0
20.05.2018,2018,italy,serie-d-group-a-2017-2018,Vis Pesaro,Rimini,2.27,3.36,2.84,2.13,1.65,1.91,1.97,https://www.oddsportal.com/soccer/italy/serie-d-group-a-2017-2018/caronnese-ac-chieri-vXfMVlQC/,2,3,1
20.05.2018,2018,italy,serie-d-group-a-2017-2018,Lumezzane,Ciserano,2.08,3.32,3.24,1.98,1.77,1.73,2.0,https://www.oddsportal.com/soccer/italy/serie-d-group-a-2017-2018/lumezzane-ciserano-8QmsdovI/,2,5,1
08.04.2018,2018,italy,serie-d-group-d-2017-2018,Lentigione,Forli,2.34,3.18,2.87,1.87,1.87,1.67,2.1,https://www.oddsportal.com/soccer/italy/serie-d-group-d-2017-2018/lentigione-forli-fc-vHfFEVOn/,2,3,0
03.09.2017,2017,italy,serie-d-group-d-2017-2018,Trestina,Forli,4.06,3.86,1.64,2.11,1.63,1.73,2.0,https://www.oddsportal.com/soccer/italy/serie-d-group-d-2017-2018/mezzolara-vigor-carpaneto-plEZyMSm/,2,3,1
05.11.2017,2017,italy,serie-d-group-d-2017-2018,Sasso Marconi,Vigor Carpaneto,1.96,3.44,3.46,1.89,1.82,1.67,2.1,https://www.oddsportal.com/soccer/italy/serie-d-group-d-2017-2018/montevarchi-calcio-villabiagio-6mEKKKcD/,0,0,0
10.12.2017,2017,italy,serie-d-group-a-2017-2018,Montevarchi Calcio,Pianese,1.97,3.36,3.52,1.88,1.86,1.62,2.2,https://www.oddsportal.com/soccer/italy/serie-d-group-a-2017-2018/nocerina-vesuvio-ercolanese-4YjQaTvg/,2,1,0
13.05.2018,2018,italy,serie-d-group-a-2017-2018,Rimini,Albissola,1.82,3.38,4.08,1.73,2.03,1.57,2.25,https://www.oddsportal.com/soccer/italy/serie-d-group-a-2017-2018/rimini-albissola-IaewWcKe/,0,8,1
12.11.2017,2017,italy,serie-d-group-d-2017-2018,Imolese,Rimini,2.31,3.09,2.89,1.73,2.00,1.57,2.25,https://www.oddsportal.com/soccer/italy/serie-d-group-d-2017-2018/imolese-rimini-4nM4bkb8/,1,7,1
26.11.2017,2017,italy,serie-d-group-a-2017-2018,Imolese,Pianese,1.54,3.94,5.25,1.62,2.21,1.62,2.2,https://www.oddsportal.com/soccer/italy/serie-d-group-a-2017-2018/matelica-asd-pineto-calcio-hQ3W6eH9/,0,2,1
31.05.2018,2018,italy,serie-d-group-a-2017-2018,Pro Patria,Albissola,2.03,3.21,3.57,1.99,1.77,1.8,1.91,https://www.oddsportal.com/soccer/italy/serie-d-group-a-2017-2018/pro-patria-albissola-EoFUGda5/,1,4,0
20.05.2018,2018,italy,serie-d-group-a-2017-2018,US Palmese,Ebolitana,1.84,3.34,4.04,1.85,1.89,1.67,2.1,https://www.oddsportal.com/soccer/italy/serie-d-group-a-2017-2018/como-pro-sesto-pAeIWUA6/,1,3,0
10.12.2017,2017,italy,serie-d-group-a-2017-2018,Lentigione,Sammaurese,1.86,3.3,3.74,1.78,1.97,1.73,2.0,https://www.oddsportal.com/soccer/italy/serie-d-group-a-2017-2018/pro-patria-virtus-verona-zy6YWw5k/,0,2,1
22.10.2017,2017,italy,serie-d-group-a-2017-2018,Lentigione,Vivi Altotevere,1.93,3.2,3.56,1.83,1.92,1.62,2.2,https://www.oddsportal.com/soccer/italy/serie-d-group-a-2017-2018/vibonese-potenza-vJ7e5rt5/,1,3,1
20.05.2018,2018,italy,serie-d-group-a-2017-2018,Como,Chieri,1.62,3.84,4.7,1.77,1.98,2.0,1.73,https://www.oddsportal.com/soccer/italy/serie-d-group-a-2017-2018/como-ac-chieri-44NyoEfj/,1,5,1
18.04.2019,2019,italy,serie-d-group-d-2018-2019,Reggiana,Ciliverghe Mazzano,1.48,4.24,5.6,1.73,2.02,1.75,1.95,https://www.oddsportal.com/soccer/italy/serie-d-group-d-2018-2019/reggiana-ciliverghe-mazzano-YgE96OAm/,0,4,1
19.05.2019,2019,italy,serie-d-group-a-2018-2019,Adriese,Campodarsego,2.01,3.24,3.54,1.83,1.89,1.73,2.0,https://www.oddsportal.com/soccer/italy/serie-d-group-a-2018-2019/adriese-campodarsego-jg1cwRer/,2,1,0
17.03.2019,2019,italy,serie-d-group-d-2018-2019,Mezzolara,Reggiana,2.81,3.18,2.38,1.97,1.76,1.65,2.1,https://www.oddsportal.com/soccer/italy/serie-d-group-d-2018-2019/mezzolara-reggiana-OncYKKU4/,2,3,1
03.03.2019,2019,italy,serie-d-group-d-2018-2019,Reggiana,Calvina,1.5,3.66,6.7,1.64,2.15,1.73,2.0,https://www.oddsportal.com/soccer/italy/serie-d-group-d-2018-2019/reggiana-calvina-Gtz74apO/,1,3,1
06.01.2019,2019,italy,serie-d-group-d-2018-2019,Axys Zola,Pavia,2.89,2.99,2.44,2.22,1.60,1.85,2.05,https://www.oddsportal.com/soccer/italy/serie-d-group-d-2018-2019/axys-zola-pavia-MNlLALl7/,1,1,0
03.02.2019,2019,italy,serie-d-group-d-2018-2019,Reggiana,Fiorenzuola,1.77,3.5,4.18,1.91,1.81,1.7,2.02,https://www.oddsportal.com/soccer/italy/serie-d-group-d-2018-2019/reggiana-fiorenzuola-CSmFkxZ2/,0,0,0
31.05.2019,2019,italy,serie-d-group-a-2018-2019,Cesena,Lecco,2.19,3.14,3.2,1.82,1.90,1.72,2.23,https://www.oddsportal.com/soccer/italy/serie-d-group-a-2018-2019/cesena-lecco-8fT6YO6k/,2,2,0
07.04.2019,2019,italy,serie-d-group-d-2018-2019,Reggiana,Modena,2.36,3.14,2.87,2.11,1.66,1.8,1.91,https://www.oddsportal.com/soccer/italy/serie-d-group-d-2018-2019/vigor-carpaneto-reggiana-htvS3SgD/,0,0,0
06.01.2019,2019,italy,serie-d-group-d-2018-2019,OltrepoVoghera,Calvina,2.25,3.15,3.05,2.11,1.66,1.85,1.85,https://www.oddsportal.com/soccer/italy/serie-d-group-d-2018-2019/oltrepovoghera-calvina-n5MsSMJs/,2,3,1
31.03.2019,2019,italy,serie-d-group-d-2018-2019,Adrense,Fiorenzuola,4.0,3.4,1.83,1.77,1.96,1.65,2.1,https://www.oddsportal.com/soccer/italy/serie-d-group-d-2018-2019/adrense-fiorenzuola-QktjPZLj/,0,0,0
26.05.2019,2019,italy,serie-d-group-a-2018-2019,Lanusei Calcio,Latte Dolce,2.01,3.3,3.46,1.91,1.81,1.7,2.26,https://www.oddsportal.com/soccer/italy/serie-d-group-a-2018-2019/lanusei-calcio-latte-dolce-8S25fbFH/,1,1,0
18.04.2019,2019,italy,serie-d-group-d-2018-2019,Fanfulla,Axys Zola,1.91,3.32,3.74,1.80,1.92,1.65,2.35,https://www.oddsportal.com/soccer/italy/serie-d-group-d-2018-2019/fanfulla-axys-zola-buOblseJ/,1,6,1
14.04.2019,2019,italy,serie-d-group-a-2018-2019,Mezzolara,Fanfulla,2.7,3.24,2.44,2.15,1.64,1.91,1.8,https://www.oddsportal.com/soccer/italy/serie-d-group-a-2018-2019/a-c-d-nardo-asd-citta-di-gragnano-ImgbyUjF/,0,2,1
14.11.2018,2018,italy,serie-d-group-d-2018-2019,Pavia,Calvina,2.18,3.58,2.83,1.73,2.01,1.62,2.2,https://www.oddsportal.com/soccer/italy/serie-d-group-d-2018-2019/pavia-calvina-hjc2OP0G/,1,4,1
27.01.2019,2019,italy,serie-d-group-d-2018-2019,Cattolica,Lentigione,2.3,3.11,2.99,1.96,1.77,1.73,2.0,https://www.oddsportal.com/soccer/italy/serie-d-group-d-2018-2019/adrense-ciliverghe-mazzano-bJ2WEh2E/,0,0,0
31.03.2019,2019,italy,serie-d-group-d-2018-2019,OltrepoVoghera,Reggiana,3.94,3.6,1.72,2.10,1.70,1.95,1.75,https://www.oddsportal.com/soccer/italy/serie-d-group-d-2018-2019/oltrepovoghera-reggiana-EBMpoHrA/,2,3,1
02.12.2018,2018,italy,serie-d-group-d-2018-2019,Axys Zola,Ciliverghe Mazzano,1.78,3.48,4.14,2.08,1.68,1.8,1.91,https://www.oddsportal.com/soccer/italy/serie-d-group-d-2018-2019/axys-zola-ciliverghe-mazzano-CWybtJwa/,0,6,1
14.10.2018,2018,italy,serie-d-group-d-2018-2019,Sasso Marconi,Fanfulla,2.75,3.26,2.38,1.96,1.77,1.65,2.1,https://www.oddsportal.com/soccer/italy/serie-d-group-d-2018-2019/sasso-marconi-fanfulla-rosbVwD7/,2,3,1
12.05.2019,2019,italy,serie-d-group-a-2018-2019,Tamai,Levico Terme,2.43,3.07,2.93,1.95,1.76,1.68,2.06,https://www.oddsportal.com/soccer/italy/serie-d-group-a-2018-2019/tamai-levico-terme-OCELNAMF/,2,1,0
17.02.2019,2019,italy,serie-d-group-d-2018-2019,Fanfulla,Adrense,2.05,3.34,3.3,1.81,1.91,1.65,2.1,https://www.oddsportal.com/soccer/italy/serie-d-group-d-2018-2019/fanfulla-adrense-n9ttfiQl/,1,3,0
02.12.2018,2018,italy,serie-d-group-d-2018-2019,Mezzolara,Crema,2.52,3.12,2.68,1.96,1.77,1.73,2.0,https://www.oddsportal.com/soccer/italy/serie-d-group-d-2018-2019/mezzolara-crema-8bV6vc8B/,0,2,1
19.05.2019,2019,italy,serie-d-group-a-2018-2019,Pergolettese,Pianese,2.19,3.28,3.03,1.77,1.96,1.75,2.08,https://www.oddsportal.com/soccer/italy/serie-d-group-a-2018-2019/pergolettese-pianese-Gx4QzYZq/,1,3,1
07.04.2019,2019,italy,serie-d-group-d-2018-2019,Crema,Mezzolara,1.93,3.48,3.52,1.73,2.02,1.73,2.0,https://www.oddsportal.com/soccer/italy/serie-d-group-d-2018-2019/crema-adrense-zeC33OOj/,0,6,1
07.04.2019,2019,italy,serie-d-group-d-2018-2019,Sasso Marconi,Adrense,2.67,3.03,2.59,1.86,1.86,1.65,2.1,https://www.oddsportal.com/soccer/italy/serie-d-group-d-2018-2019/sasso-marconi-adrense-2g24v6Rf/,0,0,0
12.05.2019,2019,italy,serie-d-group-a-2018-2019,Taranto,Bitonto,2.0,3.3,3.48,2.03,1.72,1.73,2.0,https://www.oddsportal.com/soccer/italy/serie-d-group-a-2018-2019/taranto-bitonto-OfgnjW0p/,1,3,1
24.03.2019,2019,italy,serie-d-group-d-2018-2019,Ciliverghe Mazzano,Mezzolara,2.19,3.16,3.14,1.99,1.75,1.75,1.95,https://www.oddsportal.com/soccer/italy/serie-d-group-d-2018-2019/ciliverghe-mazzano-mezzolara-llX6ZJqb/,1,3,1
14.11.2018,2018,italy,serie-d-group-d-2018-2019,Axys Zola,Lentigione,2.52,3.18,2.65,2.13,1.65,1.85,1.91,https://www.oddsportal.com/soccer/italy/serie-d-group-d-2018-2019/axys-zola-lentigione-vmXS9QoN/,1,4,0
14.10.2018,2018,italy,serie-d-group-d-2018-2019,Pergolettese,Mezzolara,1.42,4.1,7.1,1.81,1.91,1.95,1.75,https://www.oddsportal.com/soccer/italy/serie-d-group-d-2018-2019/pergolettese-mezzolara-nJmkXare/,1,3,1
05.05.2019,2019,italy,serie-d-group-d-2018-2019,Modena,Cattolica,1.21,6.25,9.6,1.54,2.35,1.62,2.43,https://www.oddsportal.com/soccer/italy/serie-d-group-d-2018-2019/fanfulla-usd-classe-1974-xWW7YOtE/,1,1,0
19.12.2018,2018,italy,serie-d-group-d-2018-2019,Reggiana,Axys Zola,1.54,3.82,5.6,1.97,1.76,1.91,1.97,https://www.oddsportal.com/soccer/italy/serie-d-group-d-2018-2019/reggiana-axys-zola-hjZOpYUp/,1,3,0
18.11.2018,2018,italy,serie-d-group-d-2018-2019,Pergolettese,USD Classe,1.28,4.9,9.5,1.67,2.15,1.91,1.8,https://www.oddsportal.com/soccer/italy/serie-d-group-d-2018-2019/pergolettese-usd-classe-1974-dbK2iOU2/,1,4,1
22.05.2019,2019,italy,serie-d-group-a-2018-2019,Cesena,Pergolettese,3.58,2.58,2.24,2.63,1.45,2.1,1.62,https://www.oddsportal.com/soccer/italy/serie-d-group-a-2018-2019/cesena-pergolettese-b1gVZikj/,1,4,1
07.04.2019,2019,italy,serie-d-group-d-2018-2019,Ciliverghe Mazzano,Axys Zola,2.09,3.24,3.28,1.73,2.01,1.57,2.25,https://www.oddsportal.com/soccer/italy/serie-d-group-d-2018-2019/ciliverghe-mazzano-axys-zola-08fYyD5d/,2,2,0
06.01.2019,2019,italy,serie-d-group-d-2018-2019,Mezzolara,Sasso Marconi,2.12,2.92,3.62,2.35,1.54,2.0,1.89,https://www.oddsportal.com/soccer/italy/serie-d-group-d-2018-2019/mezzolara-sasso-marconi-AqVFW2BQ/,1,5,0
28.10.2018,2018,italy,serie-d-group-d-2018-2019,Modena,Crema,1.84,3.48,3.86,1.81,1.91,1.73,2.0,https://www.oddsportal.com/soccer/italy/serie-d-group-d-2018-2019/modena-crema-lION4v4Q/,1,6,1
19.05.2019,2019,italy,serie-d-group-a-2018-2019,Ponsacco,Follonica Gavorrano,2.0,3.26,3.54,1.97,1.76,1.75,2.18,https://www.oddsportal.com/soccer/italy/serie-d-group-a-2018-2019/ponsacco-follonica-gavorrano-Uq01xoBl/,1,1,0
23.12.2018,2018,italy,serie-d-group-a-2018-2019,Cattolica,Modena,3.36,3.4,1.93,1.86,1.86,1.7,2.02,https://www.oddsportal.com/soccer/italy/serie-d-group-a-2018-2019/lecco-avellino-fsvYfjAb/,0,0,0
28.04.2019,2019,italy,serie-d-group-d-2018-2019,OltrepoVoghera,Fiorenzuola,7.6,4.78,1.33,1.67,2.10,1.91,1.8,https://www.oddsportal.com/soccer/italy/serie-d-group-d-2018-2019/oltrepovoghera-fiorenzuola-Aa9Y0KvP/,2,2,0
06.01.2019,2019,italy,serie-d-group-d-2018-2019,Vigor Carpaneto,Modena,3.04,3.02,2.32,2.35,1.54,1.83,2.06,https://www.oddsportal.com/soccer/italy/serie-d-group-d-2018-2019/vigor-carpaneto-modena-2ePgPK30/,1,3,0
13.02.2019,2019,italy,serie-d-group-d-2018-2019,Vigor Carpaneto,Lentigione,1.66,3.62,4.74,2.40,1.52,2.3,1.68,https://www.oddsportal.com/soccer/italy/serie-d-group-d-2018-2019/vigor-carpaneto-lentigione-KhmJldl9/,2,5,1
21.10.2018,2018,italy,serie-d-group-d-2018-2019,OltrepoVoghera,Adrense,2.44,3.32,2.64,1.82,1.90,1.65,2.1,https://www.oddsportal.com/soccer/italy/serie-d-group-d-2018-2019/oltrepovoghera-adrense-UeISpJCf/,1,5,1
16.09.2018,2018,italy,serie-d-group-d-2018-2019,Crema,Reggiana,2.39,3.2,2.62,1.74,2.02,1.62,2.2,https://www.oddsportal.com/soccer/italy/serie-d-group-d-2018-2019/crema-reggiana-KnzjEQKI/,1,1,0
12.05.2019,2019,italy,serie-d-group-a-2018-2019,Pianese,Cesena,2.31,3.03,3.06,2.28,1.57,1.85,1.85,https://www.oddsportal.com/soccer/italy/serie-d-group-a-2018-2019/pianese-cesena-drrEintK/,2,1,0
20.03.2019,2019,italy,serie-d-group-d-2018-2019,Pergolettese,Ciliverghe Mazzano,1.36,4.66,7.2,1.61,2.21,1.71,2.0,https://www.oddsportal.com/soccer/italy/serie-d-group-d-2018-2019/pergolettese-ciliverghe-mazzano-d0etJbaH/,1,5,1
13.01.2019,2019,italy,serie-d-group-d-2018-2019,Pavia,OltrepoVoghera,1.62,3.58,5.15,1.90,1.82,1.85,2.04,https://www.oddsportal.com/soccer/italy/serie-d-group-d-2018-2019/pavia-oltrepovoghera-lhoPv03m/,0,0,0
11.11.2018,2018,italy,serie-d-group-d-2018-2019,Pergolettese,Fanfulla,2.42,3.16,2.78,1.96,1.77,1.65,2.1,https://www.oddsportal.com/soccer/italy/serie-d-group-d-2018-2019/pergolettese-fanfulla-A7uCD8nb/,1,8,1
19.05.2019,2019,italy,serie-d-group-a-2018-2019,Ligorna,Inveruno,2.23,3.22,3.03,1.88,1.84,1.67,2.31,https://www.oddsportal.com/soccer/italy/serie-d-group-a-2018-2019/ligorna-inveruno-nNZPeZB9/,2,5,1
10.02.2019,2019,italy,serie-d-group-d-2018-2019,Cattolica,Mezzolara,2.09,3.18,3.36,1.96,1.77,1.75,1.95,https://www.oddsportal.com/soccer/italy/serie-d-group-d-2018-2019/cattolica-calcio-mezzolara-0C8h3e32/,0,0,0
22.05.2019,2019,italy,serie-d-group-a-2018-2019,Picerno,Avellino,2.81,3.32,2.3,1.73,2.02,1.5,2.29,https://www.oddsportal.com/soccer/italy/serie-d-group-a-2018-2019/picerno-avellino-Q7oHcesc/,2,1,0
27.01.2019,2019,italy,serie-d-group-d-2018-2019,Pergolettese,Reggiana,1.99,3.4,3.42,1.73,2.01,1.6,2.2,https://www.oddsportal.com/soccer/italy/serie-d-group-d-2018-2019/pergolettese-reggiana-lWXZhjOc/,1,1,0
24.02.2019,2019,italy,serie-d-group-a-2018-2019,Pavia,Fiorenzuola,2.68,3.22,2.46,1.90,1.82,1.67,2.3,https://www.oddsportal.com/soccer/italy/serie-d-group-a-2018-2019/como-lecco-vHCbuERS/,2,2,0
12.12.2018,2018,italy,serie-d-group-d-2018-2019,Mezzolara,USD Classe,1.38,4.9,6.05,1.61,2.21,1.73,2.0,https://www.oddsportal.com/soccer/italy/serie-d-group-d-2018-2019/mezzolara-usd-classe-1974-SSDR4gMG/,1,3,0
18.05.2019,2019,italy,serie-d-group-a-2018-2019,Lecco,ArzignanoChiampo,1.92,3.54,3.48,1.73,2.02,1.66,2.08,https://www.oddsportal.com/soccer/italy/serie-d-group-a-2018-2019/lecco-arzignanochiampo-pfDftfCM/,1,3,1
27.01.2019,2019,italy,serie-d-group-d-2018-2019,Modena,Mezzolara,1.47,3.86,6.6,1.66,2.11,1.67,2.08,https://www.oddsportal.com/soccer/italy/serie-d-group-d-2018-2019/fiorenzuola-usd-classe-1974-fBuWofYR/,1,3,0
28.04.2019,2019,italy,serie-d-group-d-2018-2019,Reggiana,Fanfulla,1.88,3.5,3.66,1.83,1.89,1.65,2.1,https://www.oddsportal.com/soccer/italy/serie-d-group-d-2018-2019/reggiana-fanfulla-zytt5Wjt/,1,4,0
13.01.2019,2019,italy,serie-d-group-d-2018-2019,Modena,Lentigione,1.49,4.04,5.8,1.94,1.79,2.0,1.89,https://www.oddsportal.com/soccer/italy/serie-d-group-d-2018-2019/modena-lentigione-A1nLutls/,0,4,1
03.03.2019,2019,italy,serie-d-group-d-2018-2019,Fanfulla,Pergolettese,2.97,3.24,2.25,1.75,1.99,1.6,2.2,https://www.oddsportal.com/soccer/italy/serie-d-group-d-2018-2019/fanfulla-pergolettese-Ycrj8soa/,2,3,1
03.02.2019,2019,italy,serie-d-group-d-2018-2019,Mezzolara,Pergolettese,5.25,3.94,1.5,1.83,1.87,1.95,1.76,https://www.oddsportal.com/soccer/italy/serie-d-group-d-2018-2019/mezzolara-pergolettese-U3OUsQFd/,2,1,0
20.01.2019,2019,italy,serie-d-group-d-2018-2019,Axys Zola,Sasso Marconi,2.32,3.05,3.01,2.22,1.60,1.85,2.03,https://www.oddsportal.com/soccer/italy/serie-d-group-d-2018-2019/axys-zola-sasso-marconi-xEwxxbm6/,0,6,1
12.05.2019,2019,italy,serie-d-group-a-2018-2019,FC Messina,Locri 1909,2.3,3.14,2.96,2.13,1.65,1.75,1.95,https://www.oddsportal.com/soccer/italy/serie-d-group-a-2018-2019/fc-messina-locri-1909-juAzIujf/,1,2,0
12.05.2019,2019,italy,serie-d-group-a-2018-2019,Savona,Ligorna,2.28,3.24,2.91,1.96,1.77,1.73,2.0,https://www.oddsportal.com/soccer/italy/serie-d-group-a-2018-2019/savona-ligorna-jPwZrFgH/,2,3,1
17.02.2019,2019,italy,serie-d-group-d-2018-2019,Mezzolara,Vigor Carpaneto,2.42,3.1,2.7,2.02,1.73,1.73,2.0,https://www.oddsportal.com/soccer/italy/serie-d-group-d-2018-2019/oltrepovoghera-pergolettese-8MXuBFQa/,1,1,0
23.12.2018,2018,italy,serie-d-group-a-2018-2019,Reggiana,Adrense,1.61,3.72,4.96,1.89,1.83,1.7,2.24,https://www.oddsportal.com/soccer/italy/serie-d-group-a-2018-2019/matelica-recanatese-nLf6y5Qf/,2,3,1
14.04.2019,2019,italy,serie-d-group-d-2018-2019,Adrense,Calvina,2.31,2.96,3.13,1.99,1.75,1.73,2.0,https://www.oddsportal.com/soccer/italy/serie-d-group-d-2018-2019/adrense-calvina-Gd68wQt1/,1,3,1
18.04.2019,2019,italy,serie-d-group-d-2018-2019,Modena,Adrense,1.38,4.72,6.3,1.60,2.30,1.73,2.21,https://www.oddsportal.com/soccer/italy/serie-d-group-d-2018-2019/modena-adrense-jZApCpmQ/,1,1,0
28.04.2019,2019,italy,serie-d-group-d-2018-2019,Axys Zola,USD Classe,2.01,3.28,3.48,1.92,1.80,1.8,1.91,https://www.oddsportal.com/soccer/italy/serie-d-group-d-2018-2019/axys-zola-usd-classe-1974-tKHH42u0/,1,1,0
16.12.2018,2018,italy,serie-d-group-d-2018-2019,Sasso Marconi,Lentigione,2.84,3.01,2.46,2.20,1.61,1.65,2.1,https://www.oddsportal.com/soccer/italy/serie-d-group-d-2018-2019/sasso-marconi-lentigione-z7Qwbr51/,0,2,1
03.02.2019,2019,italy,serie-d-group-d-2018-2019,Crema,Calvina,1.53,4.1,5.2,1.58,2.26,1.57,2.25,https://www.oddsportal.com/soccer/italy/serie-d-group-d-2018-2019/crema-calvina-MwLMqnop/,0,4,1
03.02.2019,2019,italy,serie-d-group-d-2018-2019,Axys Zola,Adrense,2.82,3.1,2.42,2.03,1.72,1.67,2.08,https://www.oddsportal.com/soccer/italy/serie-d-group-d-2018-2019/axys-zola-adrense-O2unjl8G/,2,2,0
18.11.2018,2018,italy,serie-d-group-d-2018-2019,Lentigione,Crema,2.66,3.14,2.54,2.01,1.73,1.73,2.0,https://www.oddsportal.com/soccer/italy/serie-d-group-d-2018-2019/adrense-sasso-marconi-I9xfsaOh/,2,3,1
24.02.2019,2019,italy,serie-d-group-d-2018-2019,Cattolica,Axys Zola,1.99,3.2,3.6,2.08,1.69,1.73,2.0,https://www.oddsportal.com/soccer/italy/serie-d-group-d-2018-2019/vigor-carpaneto-fiorenzuola-vLC5cBEj/,0,2,1
04.11.2018,2018,italy,serie-d-group-d-2018-2019,Crema,Sasso Marconi,1.63,3.74,4.28,1.75,1.99,1.73,2.0,https://www.oddsportal.com/soccer/italy/serie-d-group-d-2018-2019/crema-sasso-marconi-tCm1IcYP/,2,3,0
14.10.2018,2018,italy,serie-d-group-d-2018-2019,Adrense,Axys Zola,2.1,3.16,3.36,2.17,1.63,1.91,1.8,https://www.oddsportal.com/soccer/italy/serie-d-group-d-2018-2019/adrense-axys-zola-84A2t4L8/,1,3,0
18.11.2018,2018,italy,serie-d-group-d-2018-2019,Adrense,Pavia,2.69,3.28,2.41,1.77,1.96,1.65,2.1,https://www.oddsportal.com/soccer/italy/serie-d-group-d-2018-2019/adrense-pavia-MR2wG18d/,2,3,1
12.05.2019,2019,italy,serie-d-group-a-2018-2019,Bari,Picerno,1.9,3.28,3.86,2.17,1.63,1.85,1.85,https://www.oddsportal.com/soccer/italy/serie-d-group-a-2018-2019/bari-picerno-v7XIj6eQ/,0,0,0
13.01.2019,2019,italy,serie-d-group-d-2018-2019,Sasso Marconi,Vigor Carpaneto,2.98,3.2,2.26,2.28,1.57,1.91,1.98,https://www.oddsportal.com/soccer/italy/serie-d-group-d-2018-2019/sasso-marconi-vigor-carpaneto-fklXxvYa/,2,1,0
16.12.2018,2018,italy,serie-d-group-d-2018-2019,Adrense,Cattolica,2.02,3.22,3.52,2.26,1.58,1.66,2.08,https://www.oddsportal.com/soccer/italy/serie-d-group-d-2018-2019/adrense-cattolica-calcio-tQjlMfii/,2,2,0
14.11.2018,2018,italy,serie-d-group-d-2018-2019,Fiorenzuola,Sasso Marconi,1.78,3.62,3.94,2.20,1.61,2.05,1.7,https://www.oddsportal.com/soccer/italy/serie-d-group-d-2018-2019/fiorenzuola-sasso-marconi-214kRRGc/,1,4,1
13.01.2019,2019,italy,serie-d-group-d-2018-2019,Crema,Fanfulla,2.26,3.32,2.89,1.77,1.96,1.57,2.54,https://www.oddsportal.com/soccer/italy/serie-d-group-d-2018-2019/crema-fanfulla-jH5lo2QJ/,0,2,1
17.03.2019,2019,italy,serie-d-group-a-2018-2019,Modena,USD Classe,1.24,5.85,8.9,1.70,2.02,1.75,2.08,https://www.oddsportal.com/soccer/italy/serie-d-group-a-2018-2019/turris-marsala-KYhEZre7/,2,1,0
31.03.2019,2019,italy,serie-d-group-d-2018-2019,Mezzolara,Axys Zola,2.07,3.24,3.36,1.97,1.76,1.75,1.95,https://www.oddsportal.com/soccer/italy/serie-d-group-d-2018-2019/mezzolara-axys-zola-6oJxmwEc/,2,4,1
16.09.2018,2018,italy,serie-d-group-d-2018-2019,Adrense,Lentigione,2.39,3.24,2.74,2.09,1.69,1.73,2.0,https://www.oddsportal.com/soccer/italy/serie-d-group-d-2018-2019/adrense-lentigione-j7nwHSz0/,0,0,0
18.04.2019,2019,italy,serie-d-group-d-2018-2019,Fiorenzuola,Vigor Carpaneto,1.9,3.3,3.8,2.20,1.61,1.95,1.75,https://www.oddsportal.com/soccer/italy/serie-d-group-d-2018-2019/fiorenzuola-vigor-carpaneto-CrCtDQXJ/,0,2,1
31.03.2019,2019,italy,serie-d-group-d-2018-2019,Modena,Pavia,1.46,4.3,5.9,2.08,1.70,1.73,2.0,https://www.oddsportal.com/soccer/italy/serie-d-group-d-2018-2019/axys-zola-fiorenzuola-vi7GUo5a/,1,2,0
13.01.2019,2019,italy,serie-d-group-d-2018-2019,Fiorenzuola,Axys Zola,1.92,3.34,3.7,1.93,1.80,1.8,2.11,https://www.oddsportal.com/soccer/italy/serie-d-group-d-2018-2019/fiorenzuola-axys-zola-U74hpMuQ/,1,1,0
12.05.2019,2019,italy,serie-d-group-a-2018-2019,Mantova,Caronnese,1.56,3.94,5.1,1.75,1.99,1.65,2.1,https://www.oddsportal.com/soccer/italy/serie-d-group-a-2018-2019/mantova-caronnese-UFxwrZ8N/,1,4,0
19.05.2019,2019,italy,serie-d-group-a-2018-2019,Scandicci,UC Sinalunghese,1.95,3.24,3.72,2.05,1.70,1.7,2.26,https://www.oddsportal.com/soccer/italy/serie-d-group-a-2018-2019/scandicci-uc-sinalunghese-zm2jx4aT/,1,3,0
12.05.2019,2019,italy,serie-d-group-a-2018-2019,Torres,Castiadas,2.1,3.26,3.26,2.04,1.71,1.73,2.0,https://www.oddsportal.com/soccer/italy/serie-d-group-a-2018-2019/sassari-torres-castiadas-QuyiwjM2/,1,1,0
14.10.2018,2018,italy,serie-d-group-d-2018-2019,Pavia,USD Classe,1.77,3.56,4.08,2.13,1.65,1.95,1.75,https://www.oddsportal.com/soccer/italy/serie-d-group-d-2018-2019/pavia-usd-classe-1974-8SloYuTl/,1,5,1
12.05.2019,2019,italy,serie-d-group-a-2018-2019,Pro Sesto,Rezzato,2.17,3.34,3.03,1.86,1.86,1.6,2.2,https://www.oddsportal.com/soccer/italy/serie-d-group-a-2018-2019/pro-sesto-rezzato-niXssgOT/,1,6,1
12.05.2019,2019,italy,serie-d-group-a-2018-2019,Vastese,Agnonese,2.12,3.18,3.28,2.17,1.63,1.75,1.95,https://www.oddsportal.com/soccer/italy/serie-d-group-a-2018-2019/vastese-agnonese-Ozc8E6q2/,1,1,0
13.01.2019,2019,italy,serie-d-group-d-2018-2019,Cattolica,Reggiana,3.44,3.04,2.13,2.30,1.56,1.85,1.85,https://www.oddsportal.com/soccer/italy/serie-d-group-d-2018-2019/cattolica-calcio-reggiana-rFpTwKIg/,2,3,1
12.12.2018,2018,italy,serie-d-group-d-2018-2019,Ciliverghe Mazzano,Reggiana,3.14,3.3,2.14,1.94,1.79,1.8,1.91,https://www.oddsportal.com/soccer/italy/serie-d-group-d-2018-2019/pavia-ciliverghe-mazzano-AuZVgW8i/,2,3,1
14.04.2019,2019,italy,serie-d-group-d-2018-2019,Modena,Sasso Marconi,1.22,5.7,10.5,1.73,2.02,2.2,1.6,https://www.oddsportal.com/soccer/italy/serie-d-group-d-2018-2019/modena-sasso-marconi-4In3a73K/,1,3,0
03.03.2019,2019,italy,serie-d-group-d-2018-2019,Axys Zola,Vigor Carpaneto,2.68,3.08,2.55,2.18,1.62,1.85,1.85,https://www.oddsportal.com/soccer/italy/serie-d-group-d-2018-2019/axys-zola-vigor-carpaneto-6qS9SBWD/,1,5,1
25.11.2018,2018,italy,serie-d-group-d-2018-2019,Pavia,Modena,2.67,3.06,2.57,1.91,1.81,1.65,2.1,https://www.oddsportal.com/soccer/italy/serie-d-group-d-2018-2019/pavia-modena-Cd7gqLgt/,0,2,1
10.11.2018,2018,italy,serie-d-group-d-2018-2019,Modena,Fiorenzuola,1.46,4.0,6.4,1.87,1.85,2.05,1.73,https://www.oddsportal.com/soccer/italy/serie-d-group-d-2018-2019/modena-fiorenzuola-Gpt8ElXi/,2,5,1
13.02.2019,2019,italy,serie-d-group-d-2018-2019,OltrepoVoghera,Cattolica,2.58,2.97,2.74,2.53,1.47,2.05,1.85,https://www.oddsportal.com/soccer/italy/serie-d-group-d-2018-2019/oltrepovoghera-cattolica-calcio-YykBjIJd/,0,0,0
21.10.2018,2018,italy,serie-d-group-d-2018-2019,Crema,Pavia,1.8,3.48,4.04,1.81,1.91,1.75,1.95,https://www.oddsportal.com/soccer/italy/serie-d-group-d-2018-2019/crema-pavia-GlxhiLZQ/,1,5,1
16.12.2018,2018,italy,serie-d-group-d-2018-2019,Crema,Ciliverghe Mazzano,1.86,3.42,3.84,1.74,2.00,1.65,2.1,https://www.oddsportal.com/soccer/italy/serie-d-group-d-2018-2019/crema-ciliverghe-mazzano-Stg0JhyA/,1,1,0
18.11.2018,2018,italy,serie-d-group-d-2018-2019,Sasso Marconi,Reggiana,2.97,2.95,2.41,2.38,1.53,1.85,1.85,https://www.oddsportal.com/soccer/italy/serie-d-group-d-2018-2019/sasso-marconi-reggiana-vsCJmtUR/,2,4,0
31.03.2019,2019,italy,serie-d-group-d-2018-2019,Vigor Carpaneto,Ciliverghe Mazzano,2.1,3.13,3.4,2.28,1.57,1.85,1.85,https://www.oddsportal.com/soccer/italy/serie-d-group-d-2018-2019/vigor-carpaneto-ciliverghe-mazzano-4t1PwZzp/,2,2,0
19.05.2019,2019,italy,serie-d-group-a-2018-2019,Mantova,Pro Sesto,1.66,3.74,4.46,1.65,2.13,1.62,2.42,https://www.oddsportal.com/soccer/italy/serie-d-group-a-2018-2019/mantova-pro-sesto-bcwUfgRF/,2,3,1
10.02.2019,2019,italy,serie-d-group-d-2018-2019,Sasso Marconi,Ciliverghe Mazzano,2.4,3.1,2.85,1.97,1.76,1.65,2.1,https://www.oddsportal.com/soccer/italy/serie-d-group-d-2018-2019/sasso-marconi-ciliverghe-mazzano-CnCd2FI8/,1,1,0
19.05.2019,2019,italy,serie-d-group-a-2018-2019,Trastevere Calcio,Latte Dolce,2.23,3.28,2.97,1.82,1.90,1.62,2.42,https://www.oddsportal.com/soccer/italy/serie-d-group-a-2018-2019/trastevere-calcio-latte-dolce-hC2GehwN/,2,3,0
14.04.2019,2019,italy,serie-d-group-d-2018-2019,Axys Zola,Reggiana,2.98,3.36,2.19,1.87,1.85,1.73,2.0,https://www.oddsportal.com/soccer/italy/serie-d-group-d-2018-2019/axys-zola-reggiana-AJ5Cxpd7/,2,3,1
27.01.2019,2019,italy,serie-d-group-d-2018-2019,Fiorenzuola,Fanfulla,2.24,3.38,2.86,1.66,2.11,1.5,2.75,https://www.oddsportal.com/soccer/italy/serie-d-group-d-2018-2019/fiorenzuola-fanfulla-rZtpWSGp/,1,4,1
18.04.2019,2019,italy,serie-d-group-d-2018-2019,Sasso Marconi,Cattolica,2.53,2.9,2.85,2.56,1.46,2.05,1.84,https://www.oddsportal.com/soccer/italy/serie-d-group-d-2018-2019/sasso-marconi-cattolica-calcio-SGDD5rQg/,2,3,0
11.11.2018,2018,italy,serie-d-group-d-2018-2019,Sasso Marconi,Pavia,2.78,3.02,2.5,2.07,1.69,1.75,1.95,https://www.oddsportal.com/soccer/italy/serie-d-group-d-2018-2019/sasso-marconi-pavia-6ZYKBnHA/,1,1,0
20.01.2019,2019,italy,serie-d-group-d-2018-2019,Reggiana,USD Classe,1.39,4.32,7.2,1.72,2.03,1.65,2.1,https://www.oddsportal.com/soccer/italy/serie-d-group-d-2018-2019/fanfulla-sasso-marconi-G0KQr60j/,1,1,0
17.03.2019,2019,italy,serie-d-group-d-2018-2019,Sasso Marconi,Fiorenzuola,3.04,3.05,2.31,2.10,1.67,1.75,1.95,https://www.oddsportal.com/soccer/italy/serie-d-group-d-2018-2019/sasso-marconi-fiorenzuola-xA3lHxUT/,2,2,0
26.05.2019,2019,italy,serie-d-group-a-2018-2019,Modena,Reggiana,1.91,3.44,3.62,1.90,1.82,1.73,2.22,https://www.oddsportal.com/soccer/italy/serie-d-group-a-2018-2019/modena-reggiana-E531ev0B/,1,5,1
19.05.2019,2019,italy,serie-d-group-a-2018-2019,Avellino,Bari,2.74,3.28,2.38,1.78,1.95,1.61,2.19,https://www.oddsportal.com/soccer/italy/serie-d-group-a-2018-2019/avellino-bari-xhhZYB4d/,1,1,0
16.09.2018,2018,italy,serie-d-group-d-2018-2019,Modena,Vigor Carpaneto,1.24,5.55,9.5,1.80,1.93,1.8,1.91,https://www.oddsportal.com/soccer/italy/serie-d-group-d-2018-2019/crema-cattolica-calcio-vyqn9NVh/,1,1,0
12.05.2019,2019,italy,serie-d-group-a-2018-2019,Turris,Castrovillari,1.65,3.48,5.1,2.24,1.59,1.91,1.8,https://www.oddsportal.com/soccer/italy/serie-d-group-a-2018-2019/turris-castrovillari-2ohjkjGj/,1,5,1
14.11.2018,2018,italy,serie-d-group-d-2018-2019,USD Classe,Modena,6.3,4.84,1.38,1.58,2.26,1.8,2.1,https://www.oddsportal.com/soccer/italy/serie-d-group-d-2018-2019/usd-classe-1974-modena-d4Da449p/,2,3,1
07.04.2019,2019,italy,serie-d-group-d-2018-2019,Fiorenzuola,Lentigione,1.66,3.5,4.92,2.19,1.62,2.1,1.65,https://www.oddsportal.com/soccer/italy/serie-d-group-d-2018-2019/fiorenzuola-lentigione-lUzTcfSF/,2,3,1
02.12.2018,2018,italy,serie-d-group-d-2018-2019,Modena,Reggiana,1.7,3.52,4.6,1.81,1.91,1.65,2.1,https://www.oddsportal.com/soccer/italy/serie-d-group-d-2018-2019/modena-reggiana-nkUAwHNH/,1,1,0
09.12.2018,2018,italy,serie-d-group-d-2018-2019,Calvina,Adrense,2.12,3.58,2.74,1.62,2.25,1.5,2.4,https://www.oddsportal.com/soccer/italy/serie-d-group-d-2018-2019/calvina-adrense-QZ1XfIhh/,0,4,1
19.05.2019,2019,italy,serie-d-group-a-2018-2019,Audace Cerignola,Taranto,2.28,3.14,3.01,1.76,1.97,1.58,2.24,https://www.oddsportal.com/soccer/italy/serie-d-group-a-2018-2019/audace-cerignola-taranto-QBgAzPu1/,1,6,1
12.05.2019,2019,italy,serie-d-group-a-2018-2019,Adriese,Virtus Bolzano,1.72,3.68,4.22,1.80,1.93,1.65,2.1,https://www.oddsportal.com/soccer/italy/serie-d-group-a-2018-2019/adriese-virtus-bolzano-l0J9xDWp/,1,3,1
24.02.2019,2019,italy,serie-d-group-d-2018-2019,Pergolettese,OltrepoVoghera,1.18,6.0,11.0,1.73,2.02,1.6,2.2,https://www.oddsportal.com/soccer/italy/serie-d-group-d-2018-2019/pavia-reggiana-QwGk0bCs/,2,1,0
20.01.2019,2019,italy,serie-d-group-d-2018-2019,Fanfulla,Pavia,1.96,3.4,3.5,1.81,1.91,1.65,2.36,https://www.oddsportal.com/soccer/italy/serie-d-group-d-2018-2019/fanfulla-pavia-OUulZeXO/,1,7,1
31.05.2019,2019,italy,serie-d-group-a-2018-2019,Avellino,Pergolettese,2.34,3.2,2.86,1.94,1.79,1.8,2.11,https://www.oddsportal.com/soccer/italy/serie-d-group-a-2018-2019/avellino-pergolettese-xUXAXrMe/,1,3,0
10.02.2019,2019,italy,serie-d-group-d-2018-2019,Modena,Axys Zola,1.28,6.05,6.9,1.97,1.76,1.75,2.18,https://www.oddsportal.com/soccer/italy/serie-d-group-d-2018-2019/axys-zola-oltrepovoghera-SYrbytFo/,1,2,0
16.12.2018,2018,italy,serie-d-group-d-2018-2019,Pavia,Mezzolara,2.0,3.32,3.46,1.91,1.81,1.73,2.0,https://www.oddsportal.com/soccer/italy/serie-d-group-d-2018-2019/pavia-mezzolara-fe9taOke/,0,2,1
26.01.2020,2020,italy,serie-d-group-d-2019-2020,Fiorenzuola,Ciliverghe Mazzano,1.27,5.35,9.0,1.58,2.20,1.75,1.94,https://www.oddsportal.com/soccer/italy/serie-d-group-d-2019-2020/fiorenzuola-ciliverghe-mazzano-4EtBW2Fk/,1,3,1
12.01.2020,2020,italy,serie-d-group-d-2019-2020,Forli,Lentigione,2.47,3.14,2.77,2.24,1.65,1.9,1.8,https://www.oddsportal.com/soccer/italy/serie-d-group-d-2019-2020/forli-fc-lentigione-hfJqU9gi/,1,3,1
12.01.2020,2020,italy,serie-d-group-d-2019-2020,Fiorenzuola,Alfonsine,1.38,4.4,7.6,1.90,1.90,2.17,1.62,https://www.oddsportal.com/soccer/italy/serie-d-group-d-2019-2020/fiorenzuola-alfonsine-GEuSBSwN/,1,3,1
22.12.2019,2019,italy,serie-d-group-d-2019-2020,Correggese,Fiorenzuola,2.32,3.3,2.8,1.90,1.82,1.65,2.1,https://www.oddsportal.com/soccer/italy/serie-d-group-d-2019-2020/correggese-fiorenzuola-2mgRFJYt/,2,5,1
19.01.2020,2020,italy,serie-d-group-d-2019-2020,Forli,Fanfulla,2.27,3.32,2.9,1.95,1.85,1.67,2.07,https://www.oddsportal.com/soccer/italy/serie-d-group-d-2019-2020/forli-fc-fanfulla-4h5zKPVq/,2,1,0
05.01.2020,2020,italy,serie-d-group-d-2019-2020,Alfonsine,SCD Progresso,2.77,3.11,2.5,2.30,1.62,1.85,1.85,https://www.oddsportal.com/soccer/italy/serie-d-group-d-2019-2020/alfonsine-scd-progresso-KnnJDl9A/,1,1,0
05.01.2020,2020,italy,serie-d-group-d-2019-2020,Lentigione,Sasso Marconi,1.68,3.74,4.52,1.83,1.98,1.8,1.91,https://www.oddsportal.com/soccer/italy/serie-d-group-d-2019-2020/lentigione-sasso-marconi-YkjNC8OG/,0,0,0
01.12.2019,2019,italy,serie-d-group-d-2019-2020,Forli,Breno,2.11,3.34,3.14,1.86,1.86,1.72,2.0,https://www.oddsportal.com/soccer/italy/serie-d-group-d-2019-2020/forli-fc-breno-GUqBdyHL/,1,3,0
08.12.2019,2019,italy,serie-d-group-d-2019-2020,Breno,Fanfulla,2.52,3.22,2.62,1.87,1.85,1.65,2.1,https://www.oddsportal.com/soccer/italy/serie-d-group-d-2019-2020/breno-fanfulla-bHireqcE/,0,2,1
22.12.2019,2019,italy,serie-d-group-d-2019-2020,Breno,Mantova,4.28,3.74,1.63,1.82,1.90,1.87,1.83,https://www.oddsportal.com/soccer/italy/serie-d-group-d-2019-2020/forli-fc-vigor-carpaneto-SAKT6tdQ/,2,3,1
15.12.2019,2019,italy,serie-d-group-d-2019-2020,Lentigione,Franciacorta,1.87,3.4,3.56,1.67,2.08,1.61,2.19,https://www.oddsportal.com/soccer/italy/serie-d-group-d-2019-2020/lentigione-franciacorta-UJ6e204s/,1,2,0
12.01.2020,2020,italy,serie-d-group-d-2019-2020,Fanfulla,Calvina,1.75,3.58,4.28,1.73,2.11,1.65,2.1,https://www.oddsportal.com/soccer/italy/serie-d-group-d-2019-2020/fanfulla-calvina-Cbtc661p/,2,3,1
12.01.2020,2020,italy,serie-d-group-d-2019-2020,SCD Progresso,Savignanese,1.59,3.84,5.1,1.90,1.90,1.92,1.78,https://www.oddsportal.com/soccer/italy/serie-d-group-d-2019-2020/scd-progresso-savignanese-0KMiSmO3/,0,0,0
26.01.2020,2020,italy,serie-d-group-d-2019-2020,Sasso Marconi,Forli,2.51,3.32,2.6,1.88,1.92,1.65,2.1,https://www.oddsportal.com/soccer/italy/serie-d-group-d-2019-2020/sasso-marconi-forli-fc-bytFVMUe/,1,4,1
01.12.2019,2019,italy,serie-d-group-d-2019-2020,Mezzolara,SCD Progresso,1.75,3.7,4.04,1.73,2.01,1.7,2.02,https://www.oddsportal.com/soccer/italy/serie-d-group-d-2019-2020/mezzolara-scd-progresso-UyQojZgk/,0,0,0
16.02.2020,2020,italy,serie-d-group-d-2019-2020,Ciliverghe Mazzano,Breno,2.69,3.28,2.46,2.08,1.75,1.8,1.91,https://www.oddsportal.com/soccer/italy/serie-d-group-d-2019-2020/ciliverghe-mazzano-breno-pURRglJU/,0,0,0
08.12.2019,2019,italy,serie-d-group-d-2019-2020,SCD Progresso,Fiorenzuola,3.08,3.32,2.15,1.92,1.80,1.73,2.0,https://www.oddsportal.com/soccer/italy/serie-d-group-d-2019-2020/scd-progresso-fiorenzuola-4IWMm1kl/,1,3,1
09.02.2020,2020,italy,serie-d-group-d-2019-2020,Crema,Vigor Carpaneto,2.18,3.07,3.09,2.00,1.74,1.73,2.0,https://www.oddsportal.com/soccer/italy/serie-d-group-d-2019-2020/savignanese-crema-bFnzEc3g/,2,3,1
18.12.2019,2019,italy,serie-d-group-d-2019-2020,SCD Progresso,Correggese,2.68,3.3,2.42,1.88,1.84,1.65,2.11,https://www.oddsportal.com/soccer/italy/serie-d-group-d-2019-2020/scd-progresso-correggese-K8a8abl0/,0,4,1
26.01.2020,2020,italy,serie-d-group-d-2019-2020,Crema,Sammaurese,2.32,3.1,2.79,1.87,1.93,1.73,2.0,https://www.oddsportal.com/soccer/italy/serie-d-group-d-2019-2020/scd-progresso-sammaurese-2oAyqX4C/,0,2,1
05.01.2020,2020,italy,serie-d-group-d-2019-2020,Savignanese,Correggese,3.8,3.6,1.84,1.85,1.95,1.65,2.1,https://www.oddsportal.com/soccer/italy/serie-d-group-d-2019-2020/savignanese-correggese-pWlnBemC/,2,3,0
19.01.2020,2020,italy,serie-d-group-d-2019-2020,Ciliverghe Mazzano,SCD Progresso,2.57,3.24,2.57,2.01,1.80,1.73,2.0,https://www.oddsportal.com/soccer/italy/serie-d-group-d-2019-2020/ciliverghe-mazzano-scd-progresso-hEoVu7h3/,2,1,0
02.02.2020,2020,italy,serie-d-group-d-2019-2020,Sasso Marconi,Mantova,4.78,4.14,1.58,1.61,2.32,1.57,2.25,https://www.oddsportal.com/soccer/italy/serie-d-group-d-2019-2020/sasso-marconi-mantova-fHEdr0E1/,0,2,1
26.01.2020,2020,italy,serie-d-group-d-2019-2020,Fanfulla,Lentigione,2.17,3.24,2.9,1.86,1.86,1.72,2.0,https://www.oddsportal.com/soccer/italy/serie-d-group-d-2019-2020/fanfulla-sammaurese-n1CL82RD/,1,4,0
16.02.2020,2020,italy,serie-d-group-d-2019-2020,Sammaurese,Alfonsine,1.78,3.4,4.32,1.91,1.81,1.65,2.1,https://www.oddsportal.com/soccer/italy/serie-d-group-d-2019-2020/ciliverghe-mazzano-fanfulla-p86aKaQP/,0,0,0
08.12.2019,2019,italy,serie-d-group-d-2019-2020,Ciliverghe Mazzano,Sasso Marconi,2.45,3.28,2.66,1.68,2.08,1.5,2.39,https://www.oddsportal.com/soccer/italy/serie-d-group-d-2019-2020/ciliverghe-mazzano-sasso-marconi-pYkjgNRQ/,0,4,1
19.01.2020,2020,italy,serie-d-group-d-2019-2020,Sammaurese,Fiorenzuola,3.2,3.52,2.04,1.77,2.05,1.65,2.1,https://www.oddsportal.com/soccer/italy/serie-d-group-d-2019-2020/sammaurese-fiorenzuola-nHfuJqoj/,2,3,1
09.02.2020,2020,italy,serie-d-group-d-2019-2020,Mezzolara,Lentigione,2.26,3.3,2.94,1.98,1.83,1.6,2.2,https://www.oddsportal.com/soccer/italy/serie-d-group-d-2019-2020/mezzolara-lentigione-lr6XqDk6/,2,6,1
20.02.2021,2021,italy,serie-d-group-d,Fiorenzuola,Prato,1.93,3.24,3.58,1.73,2.00,1.67,2.1,https://www.oddsportal.com/soccer/italy/serie-d-group-d/fiorenzuola-prato-MJYGUjF3/,1,5,1
24.02.2021,2021,italy,serie-d-group-d,Sasso Marconi,SCD Progresso,3.32,3.1,2.17,1.93,1.87,1.8,1.91,https://www.oddsportal.com/soccer/italy/serie-d-group-d/sasso-marconi-scd-progresso-lzSwzniq/,1,1,0
07.10.2020,2020,italy,serie-d-group-d,Real Forte Querceta,Rimini,2.89,3.31,2.34,1.97,1.81,1.74,1.99,https://www.oddsportal.com/soccer/italy/serie-d-group-d/real-forte-querceta-rimini-2NFVhWMs/,1,3,1
21.02.2021,2021,italy,serie-d-group-d,Corticella,G.S. Bagnolese,3.84,3.4,1.88,1.98,1.83,1.8,1.9,https://www.oddsportal.com/soccer/italy/serie-d-group-d/corticella-g-s-bagnolese-EgZCVWac/,0,2,1
04.10.2020,2020,italy,serie-d-group-d,Corticella,Prato,5.2,4.04,1.55,2.14,1.71,1.92,1.78,https://www.oddsportal.com/soccer/italy/serie-d-group-d/lentigione-real-forte-querceta-rXLLp351/,2,4,1
07.03.2021,2021,italy,serie-d-group-d,Pro Livorno,SCD Progresso,1.89,3.52,3.74,1.78,2.04,1.8,1.91,https://www.oddsportal.com/soccer/italy/serie-d-group-d/pro-livorno-scd-progresso-2BVujbss/,1,3,1
06.12.2020,2020,italy,serie-d-group-d,Prato,Ghivizzano Borgo,1.38,4.64,7.0,1.67,2.20,1.9,1.8,https://www.oddsportal.com/soccer/italy/serie-d-group-d/prato-ghivizzano-borgo-a-mozzano-jNA7f4Fq/,1,1,0
17.03.2021,2021,italy,serie-d-group-d,Marignanese,Corticella,1.72,3.7,4.34,1.85,1.95,1.8,1.91,https://www.oddsportal.com/soccer/italy/serie-d-group-d/marignanese-corticella-f7PPqNK7/,0,0,0
20.01.2021,2021,italy,serie-d-group-d,Fiorenzuola,Forli,1.68,3.94,4.24,1.64,2.26,1.62,2.2,https://www.oddsportal.com/soccer/italy/serie-d-group-d/fiorenzuola-forli-fc-zBpBEP6F/,2,1,0
06.03.2021,2021,italy,serie-d-group-d,Prato,Sammaurese,1.56,3.88,5.5,1.93,1.87,2.1,1.7,https://www.oddsportal.com/soccer/italy/serie-d-group-d/prato-sammaurese-n1CB7QCE/,2,4,1
17.01.2021,2021,italy,serie-d-group-d,SCD Progresso,Fiorenzuola,3.0,3.44,2.16,1.79,2.03,1.67,2.1,https://www.oddsportal.com/soccer/italy/serie-d-group-d/scd-progresso-fiorenzuola-URbN1tO2/,2,5,1
24.01.2021,2021,italy,serie-d-group-d,SCD Progresso,Correggese,2.68,3.58,2.31,1.59,2.22,1.51,2.37,https://www.oddsportal.com/soccer/italy/serie-d-group-d/scd-progresso-correggese-vcI5EJ78/,0,2,1
07.10.2020,2020,italy,serie-d-group-d,Forli,Seravezza Pozzi,2.21,3.39,3.04,2.02,1.76,1.83,1.89,https://www.oddsportal.com/soccer/italy/serie-d-group-d/forli-fc-seravezza-pozzi-dpg4xBx1/,1,3,1
24.02.2021,2021,italy,serie-d-group-d,G.S. Bagnolese,Aglianese Calcio,3.24,2.97,2.28,1.99,1.82,1.8,1.91,https://www.oddsportal.com/soccer/italy/serie-d-group-d/g-s-bagnolese-aglianese-calcio-Aq74Lnxj/,2,1,0
24.01.2021,2021,italy,serie-d-group-d,Corticella,Lentigione,5.45,4.06,1.53,1.53,2.34,1.67,2.1,https://www.oddsportal.com/soccer/italy/serie-d-group-d/corticella-lentigione-IiXAhxok/,2,1,0
14.03.2021,2021,italy,serie-d-group-d,Aglianese Calcio,Mezzolara,1.77,3.64,4.37,1.97,1.83,1.84,1.91,https://www.oddsportal.com/soccer/italy/serie-d-group-d/aglianese-calcio-mezzolara-lApePzMQ/,1,1,0
30.12.2020,2020,italy,serie-d-group-d,Prato,Lentigione,1.64,3.74,4.82,1.97,1.84,1.87,1.83,https://www.oddsportal.com/soccer/italy/serie-d-group-d/prato-lentigione-OhQU7Ek0/,2,1,0
15.11.2020,2020,italy,serie-d-group-d,Seravezza Pozzi,Fiorenzuola,2.41,3.22,2.77,2.09,1.74,1.83,1.87,https://www.oddsportal.com/soccer/italy/serie-d-group-d/seravezza-pozzi-fiorenzuola-0hhbHRMd/,2,1,0
11.10.2020,2020,italy,serie-d-group-d,Pro Livorno,Correggese,2.66,3.54,2.34,1.66,2.22,1.55,2.3,https://www.oddsportal.com/soccer/italy/serie-d-group-d/pro-livorno-correggese-Qyiq82So/,2,3,1
03.03.2021,2021,italy,serie-d-group-d,Forli,Real Forte Querceta,2.85,2.76,2.68,2.37,1.58,1.85,1.85,https://www.oddsportal.com/soccer/italy/serie-d-group-d/forli-fc-real-forte-querceta-S0mVzDJn/,0,2,1
28.02.2021,2021,italy,serie-d-group-d,Real Forte Querceta,Sasso Marconi,1.76,3.5,4.32,2.06,1.76,1.85,1.85,https://www.oddsportal.com/soccer/italy/serie-d-group-d/real-forte-querceta-sasso-marconi-8AixgRcL/,1,1,0
17.03.2021,2021,italy,serie-d-group-d,Mezzolara,Fiorenzuola,3.16,3.44,2.12,1.90,1.90,1.73,2.0,https://www.oddsportal.com/soccer/italy/serie-d-group-d/mezzolara-fiorenzuola-b5c3FK9a/,2,4,1
14.02.2021,2021,italy,serie-d-group-d,Fiorenzuola,Sasso Marconi,1.45,4.5,4.96,1.86,1.94,1.8,1.91,https://www.oddsportal.com/soccer/italy/serie-d-group-d/real-forte-querceta-corticella-vu342DED/,1,3,0
06.01.2021,2021,italy,serie-d-group-d,Lentigione,G.S. Bagnolese,1.92,3.4,3.7,1.66,2.21,1.58,2.2,https://www.oddsportal.com/soccer/italy/serie-d-group-d/lentigione-g-s-bagnolese-WbXbUS2U/,0,2,1
11.10.2020,2020,italy,serie-d-group-d,G.S. Bagnolese,Sammaurese,1.67,3.6,4.4,1.75,1.95,1.65,2.1,https://www.oddsportal.com/soccer/italy/serie-d-group-d/g-s-bagnolese-sammaurese-80KIisr5/,1,4,1
14.03.2021,2021,italy,serie-d-group-d,Sasso Marconi,Sammaurese,3.09,3.29,2.26,2.21,1.67,1.87,1.87,https://www.oddsportal.com/soccer/italy/serie-d-group-d/sasso-marconi-sammaurese-QJDqejOp/,2,1,0
20.12.2020,2020,italy,serie-d-group-d,Fiorenzuola,Aglianese Calcio,2.42,3.15,2.82,2.22,1.66,1.9,1.8,https://www.oddsportal.com/soccer/italy/serie-d-group-d/fiorenzuola-aglianese-calcio-CE6PTeCJ/,1,6,1
06.01.2021,2021,italy,serie-d-group-d,Real Forte Querceta,Marignanese,2.04,3.4,3.32,1.94,1.86,1.83,1.93,https://www.oddsportal.com/soccer/italy/serie-d-group-d/real-forte-querceta-marignanese-rwcDmj3h/,1,1,0
23.12.2020,2020,italy,serie-d-group-d,Seravezza Pozzi,Ghivizzano Borgo,1.95,3.7,3.3,1.60,2.28,1.67,2.15,https://www.oddsportal.com/soccer/italy/serie-d-group-d/seravezza-pozzi-ghivizzano-borgo-a-mozzano-dtunXUIB/,1,5,1
29.11.2020,2020,italy,serie-d-group-d,Real Forte Querceta,Lentigione,2.22,3.36,2.96,1.90,1.90,1.7,2.02,https://www.oddsportal.com/soccer/italy/serie-d-group-d/real-forte-querceta-lentigione-OhlyddZj/,2,1,0
23.12.2020,2020,italy,serie-d-group-d,Prato,Mezzolara,1.71,3.8,4.2,1.78,2.05,1.7,2.02,https://www.oddsportal.com/soccer/italy/serie-d-group-d/prato-mezzolara-OStvZjla/,0,2,1
10.01.2021,2021,italy,serie-d-group-d,Corticella,Ghivizzano Borgo,2.8,3.38,2.32,1.74,2.09,1.62,2.2,https://www.oddsportal.com/soccer/italy/serie-d-group-d/corticella-ghivizzano-borgo-a-mozzano-KrhxrnXT/,1,3,1
13.12.2020,2020,italy,serie-d-group-d,Aglianese Calcio,Sammaurese,1.67,3.74,4.56,1.88,1.92,1.75,1.95,https://www.oddsportal.com/soccer/italy/serie-d-group-d/aglianese-calcio-sammaurese-js7tU462/,1,1,0
03.02.2021,2021,italy,serie-d-group-d,Fiorenzuola,Lentigione,2.01,3.46,3.36,1.87,1.93,1.7,2.05,https://www.oddsportal.com/soccer/italy/serie-d-group-d/fiorenzuola-lentigione-dGZUIYbf/,2,6,1
07.03.2021,2021,italy,serie-d-group-d,Forli,Aglianese Calcio,3.58,3.34,1.99,2.11,1.73,1.87,1.83,https://www.oddsportal.com/soccer/italy/serie-d-group-d/forli-fc-aglianese-calcio-08WGoqje/,0,0,0
20.02.2021,2021,italy,serie-d-group-d,Rimini,Real Forte Querceta,1.86,3.38,4.0,2.10,1.74,1.91,1.8,https://www.oddsportal.com/soccer/italy/serie-d-group-d/rimini-real-forte-querceta-dxRTRlaM/,2,3,1
17.03.2021,2021,italy,serie-d-group-d,Sammaurese,Lentigione,3.96,3.0,1.98,1.97,1.73,1.78,1.92,https://www.oddsportal.com/soccer/italy/serie-d-group-d/sammaurese-lentigione-2F5fDkpT/,0,4,1
06.01.2021,2021,italy,serie-d-group-d,Rimini,Fiorenzuola,2.5,3.32,2.58,1.90,1.90,1.73,2.06,https://www.oddsportal.com/soccer/italy/serie-d-group-d/rimini-fiorenzuola-dt1HnAIb/,1,2,0
20.01.2021,2021,italy,serie-d-group-d,G.S. Bagnolese,Correggese,2.86,3.52,2.21,1.69,2.17,1.6,2.25,https://www.oddsportal.com/soccer/italy/serie-d-group-d/g-s-bagnolese-correggese-EsHT1nN9/,1,1,0
03.02.2021,2021,italy,serie-d-group-d,SCD Progresso,Ghivizzano Borgo,1.72,3.4,4.5,1.68,2.05,1.67,2.07,https://www.oddsportal.com/soccer/italy/serie-d-group-d/scd-progresso-ghivizzano-borgo-a-mozzano-n5SsGWrD/,1,3,1
14.02.2021,2021,italy,serie-d-group-d,Rimini,Marignanese,1.74,3.6,4.32,1.93,1.87,1.75,1.95,https://www.oddsportal.com/soccer/italy/serie-d-group-d/rimini-marignanese-OO6jEVUM/,0,4,1
20.12.2020,2020,italy,serie-d-group-d,Ghivizzano Borgo,G.S. Bagnolese,2.58,3.38,2.48,1.87,1.93,1.67,2.07,https://www.oddsportal.com/soccer/italy/serie-d-group-d/ghivizzano-borgo-a-mozzano-g-s-bagnolese-j55TSFRP/,0,2,1
28.02.2021,2021,italy,serie-d-group-d,Aglianese Calcio,Seravezza Pozzi,1.44,4.24,6.5,1.84,1.97,2.0,1.73,https://www.oddsportal.com/soccer/italy/serie-d-group-d/aglianese-calcio-seravezza-pozzi-2wWsZ56k/,2,1,0
17.01.2021,2021,italy,serie-d-group-d,Correggese,Corticella,1.26,5.65,8.6,1.44,2.79,1.85,1.85,https://www.oddsportal.com/soccer/italy/serie-d-group-d/correggese-corticella-QZX6cRWG/,1,4,0
16.12.2020,2020,italy,serie-d-group-d,Real Forte Querceta,Mezzolara,2.38,3.04,2.97,2.05,1.77,1.73,2.0,https://www.oddsportal.com/soccer/italy/serie-d-group-d/real-forte-querceta-mezzolara-tCPk7sak/,2,1,0
31.01.2021,2021,italy,serie-d-group-d,Pro Livorno,Marignanese,1.57,4.34,4.64,1.41,2.71,1.66,2.1,https://www.oddsportal.com/soccer/italy/serie-d-group-d/pro-livorno-marignanese-Qya03ga7/,0,4,1
31.01.2021,2021,italy,serie-d-group-d,Correggese,Sammaurese,1.75,3.68,4.14,1.82,1.99,1.8,1.91,https://www.oddsportal.com/soccer/italy/serie-d-group-d/correggese-sammaurese-QDKHBHiR/,1,4,1
10.03.2021,2021,italy,serie-d-group-d,Sammaurese,Real Forte Querceta,2.34,3.12,2.99,2.26,1.64,2.08,1.71,https://www.oddsportal.com/soccer/italy/serie-d-group-d/sammaurese-real-forte-querceta-QeRoFjbJ/,2,2,0
24.02.2021,2021,italy,serie-d-group-d,Real Forte Querceta,Ghivizzano Borgo,1.8,3.48,4.14,2.06,1.76,1.91,1.8,https://www.oddsportal.com/soccer/italy/serie-d-group-d/real-forte-querceta-ghivizzano-borgo-a-mozzano-rgkBvSrS/,2,1,0
10.01.2021,2021,italy,serie-d-group-d,Forli,Sasso Marconi,1.62,3.98,4.6,1.71,2.14,1.8,1.96,https://www.oddsportal.com/soccer/italy/serie-d-group-d/forli-fc-sasso-marconi-rixn2kIo/,1,1,0
31.01.2021,2021,italy,serie-d-group-d,Prato,G.S. Bagnolese,1.73,3.62,4.32,1.90,1.90,1.8,1.91,https://www.oddsportal.com/soccer/italy/serie-d-group-d/prato-g-s-bagnolese-rD9e4Zq1/,1,3,1
24.01.2021,2021,italy,serie-d-group-d,Fiorenzuola,Real Forte Querceta,1.83,3.66,3.78,1.77,2.05,1.7,2.05,https://www.oddsportal.com/soccer/italy/serie-d-group-d/fiorenzuola-real-forte-querceta-URzFid0e/,1,3,1
13.12.2020,2020,italy,serie-d-group-d,Corticella,Fiorenzuola,3.88,3.3,1.91,1.93,1.87,1.78,1.92,https://www.oddsportal.com/soccer/italy/serie-d-group-d/corticella-fiorenzuola-Of5lSryF/,2,6,1
10.03.2021,2021,italy,serie-d-group-d,Mezzolara,Forli,2.39,3.18,2.88,2.12,1.72,2.0,1.77,https://www.oddsportal.com/soccer/italy/serie-d-group-d/mezzolara-forli-fc-4MAi5FUf/,2,3,1
06.01.2021,2021,italy,serie-d-group-d,Ghivizzano Borgo,Forli,2.76,3.3,2.39,1.85,1.95,1.73,2.06,https://www.oddsportal.com/soccer/italy/serie-d-group-d/ghivizzano-borgo-a-mozzano-forli-fc-h8YfV8mO/,2,2,0
27.09.2020,2020,italy,serie-d-group-d,Mezzolara,SCD Progresso,2.0,3.44,3.4,1.78,2.04,1.71,2.02,https://www.oddsportal.com/soccer/italy/serie-d-group-d/lentigione-scd-progresso-v3s2Htum/,1,3,1
03.02.2021,2021,italy,serie-d-group-d,Seravezza Pozzi,Pro Livorno,3.36,3.76,1.91,1.62,2.17,1.7,2.05,https://www.oddsportal.com/soccer/italy/serie-d-group-d/seravezza-pozzi-pro-livorno-UTiSNr2J/,2,2,0
17.01.2021,2021,italy,serie-d-group-d,Mezzolara,G.S. Bagnolese,1.89,3.42,3.78,2.00,1.81,1.72,2.01,https://www.oddsportal.com/soccer/italy/serie-d-group-d/mezzolara-g-s-bagnolese-xYByvwWe/,2,3,1
21.02.2021,2021,italy,serie-d-group-d,Correggese,Sasso Marconi,1.64,3.76,4.76,1.90,1.90,1.85,1.85,https://www.oddsportal.com/soccer/italy/serie-d-group-d/correggese-sasso-marconi-z3z9WCpi/,1,3,1
20.01.2021,2021,italy,serie-d-group-d,Aglianese Calcio,Corticella,1.2,6.35,11.0,1.38,2.81,1.85,1.85,https://www.oddsportal.com/soccer/italy/serie-d-group-d/aglianese-calcio-corticella-ziIP2S73/,0,0,0
23.12.2020,2020,italy,serie-d-group-d,Marignanese,Lentigione,2.2,3.48,2.91,1.83,1.98,1.73,2.06,https://www.oddsportal.com/soccer/italy/serie-d-group-d/marignanese-lentigione-6inZZWYh/,0,4,1
17.01.2021,2021,italy,serie-d-group-d,Real Forte Querceta,Seravezza Pozzi,2.1,3.38,3.2,1.91,1.89,1.7,2.05,https://www.oddsportal.com/soccer/italy/serie-d-group-d/real-forte-querceta-seravezza-pozzi-rV2R00w9/,0,0,0
18.10.2020,2020,italy,serie-d-group-d,SCD Progresso,Pro Livorno,1.88,3.6,3.64,1.82,1.99,1.65,2.1,https://www.oddsportal.com/soccer/italy/serie-d-group-d/scd-progresso-pro-livorno-AkpXdxKp/,2,3,1
11.10.2020,2020,italy,serie-d-group-d,Prato,SCD Progresso,1.4,4.5,6.75,1.73,2.11,1.85,1.85,https://www.oddsportal.com/soccer/italy/serie-d-group-d/prato-scd-progresso-xMc1qJko/,0,2,1
24.02.2021,2021,italy,serie-d-group-d,Forli,Rimini,2.56,2.87,2.87,2.08,1.75,1.83,1.93,https://www.oddsportal.com/soccer/italy/serie-d-group-d/forli-fc-rimini-lz68K6id/,2,1,0
03.02.2021,2021,italy,serie-d-group-d,Corticella,Sasso Marconi,3.58,3.64,1.89,1.79,2.03,1.7,2.05,https://www.oddsportal.com/soccer/italy/serie-d-group-d/corticella-sasso-marconi-ptWQJEql/,0,2,1
21.02.2021,2021,italy,serie-d-group-d,Sammaurese,Pro Livorno,3.19,3.3,2.06,1.80,1.91,1.67,2.1,https://www.oddsportal.com/soccer/italy/serie-d-group-d/sammaurese-pro-livorno-jaQXQ8ES/,0,0,0
11.10.2020,2020,italy,serie-d-group-d,Forli,Corticella,1.34,4.5,6.85,1.65,2.10,1.8,1.9,https://www.oddsportal.com/soccer/italy/serie-d-group-d/forli-fc-corticella-niJMj1cB/,1,2,0
28.02.2021,2021,italy,serie-d-group-d,Sammaurese,G.S. Bagnolese,2.5,2.99,2.6,1.85,1.85,1.7,2.05,https://www.oddsportal.com/soccer/italy/serie-d-group-d/sammaurese-g-s-bagnolese-hrT8m5Lr/,1,2,0
24.02.2021,2021,italy,serie-d-group-d,Pro Livorno,Fiorenzuola,4.3,3.52,1.76,1.78,2.04,1.73,2.0,https://www.oddsportal.com/soccer/italy/serie-d-group-d/pro-livorno-fiorenzuola-42j7u8TL/,2,1,0
02.12.2020,2020,italy,serie-d-group-d,Pro Livorno,Real Forte Querceta,2.48,3.52,2.49,1.83,1.98,1.65,2.1,https://www.oddsportal.com/soccer/italy/serie-d-group-d/pro-livorno-real-forte-querceta-8b5CgOUk/,1,4,0
06.01.2021,2021,italy,serie-d-group-d,SCD Progresso,Aglianese Calcio,3.46,3.74,1.89,1.59,2.36,1.66,2.15,https://www.oddsportal.com/soccer/italy/serie-d-group-d/scd-progresso-aglianese-calcio-0E78lWmn/,0,4,1
27.01.2021,2021,italy,serie-d-group-d,Mezzolara,Rimini,2.61,3.0,2.59,1.82,1.88,1.67,2.07,https://www.oddsportal.com/soccer/italy/serie-d-group-d/mezzolara-rimini-fJLQ8fzf/,0,2,1
21.02.2021,2021,italy,serie-d-group-d,Seravezza Pozzi,Forli,2.91,3.44,2.22,1.80,2.01,1.67,2.1,https://www.oddsportal.com/soccer/italy/serie-d-group-d/seravezza-pozzi-forli-fc-h8CaMSMq/,1,5,1
17.01.2021,2021,italy,serie-d-group-d,Pro Livorno,Prato,2.65,3.4,2.4,1.82,1.99,1.7,2.05,https://www.oddsportal.com/soccer/italy/serie-d-group-d/pro-livorno-prato-GOAuwco2/,1,3,1
28.02.2021,2021,italy,serie-d-group-d,Corticella,Forli,3.54,3.52,1.93,1.89,1.91,1.8,1.91,https://www.oddsportal.com/soccer/italy/serie-d-group-d/corticella-forli-fc-ziUkXqy2/,2,4,1
20.01.2021,2021,italy,serie-d-group-d,Seravezza Pozzi,SCD Progresso,2.09,3.42,3.19,1.87,1.93,1.72,2.01,https://www.oddsportal.com/soccer/italy/serie-d-group-d/seravezza-pozzi-scd-progresso-p8Ew6hKC/,2,3,1
30.01.2021,2021,italy,serie-d-group-d,Ghivizzano Borgo,Fiorenzuola,4.94,4.16,1.56,1.68,2.19,1.72,2.0,https://www.oddsportal.com/soccer/italy/serie-d-group-d/ghivizzano-borgo-a-mozzano-fiorenzuola-Wfcp7y0r/,2,1,0
31.01.2021,2021,italy,serie-d-group-d,Rimini,SCD Progresso,1.92,3.42,3.68,1.92,1.88,1.8,1.91,https://www.oddsportal.com/soccer/italy/serie-d-group-d/rimini-scd-progresso-hrinRdiE/,1,1,0
14.02.2021,2021,italy,serie-d-group-d,Seravezza Pozzi,Prato,3.26,3.48,2.04,1.82,1.99,1.63,2.15,https://www.oddsportal.com/soccer/italy/serie-d-group-d/seravezza-pozzi-prato-KfhM89hp/,2,3,1
17.02.2021,2021,italy,serie-d-group-d,Forli,Correggese,2.25,3.3,2.96,1.91,1.89,1.67,2.1,https://www.oddsportal.com/soccer/italy/serie-d-group-d/forli-fc-correggese-Y3XHAG5s/,1,2,0
03.02.2021,2021,italy,serie-d-group-d,Forli,Prato,2.75,2.9,2.55,1.91,1.80,1.73,2.0,https://www.oddsportal.com/soccer/italy/serie-d-group-d/forli-fc-prato-vuPZHhE0/,0,2,1
03.02.2021,2021,italy,serie-d-group-d,Marignanese,G.S. Bagnolese,2.63,3.34,2.44,1.88,1.92,1.73,2.0,https://www.oddsportal.com/soccer/italy/serie-d-group-d/marignanese-g-s-bagnolese-IVNwHCT6/,2,3,1
23.12.2020,2020,italy,serie-d-group-d,Corticella,SCD Progresso,4.18,3.84,1.71,1.69,2.17,1.79,1.98,https://www.oddsportal.com/soccer/italy/serie-d-group-d/corticella-scd-progresso-bocatZeP/,2,4,1
25.10.2020,2020,italy,serie-d-group-d,Mezzolara,Lentigione,2.37,3.3,2.77,1.93,1.87,1.65,2.1,https://www.oddsportal.com/soccer/italy/serie-d-group-d/mezzolara-lentigione-lEOuap7S/,0,2,1
14.02.2021,2021,italy,serie-d-group-d,SCD Progresso,Real Forte Querceta,2.11,3.46,3.11,1.81,2.00,1.65,2.1,https://www.oddsportal.com/soccer/italy/serie-d-group-d/scd-progresso-real-forte-querceta-6mCoFBFG/,0,2,1
07.03.2021,2021,italy,serie-d-group-d,Mezzolara,Correggese,2.02,3.1,3.4,1.90,1.90,1.73,2.0,https://www.oddsportal.com/soccer/italy/serie-d-group-d/ghivizzano-borgo-a-mozzano-lentigione-0AXKTAU9/,0,4,1
21.10.2020,2020,italy,serie-d-group-d,Mezzolara,Ghivizzano Borgo,1.74,3.68,4.16,1.85,1.95,1.73,2.0,https://www.oddsportal.com/soccer/italy/serie-d-group-d/mezzolara-ghivizzano-borgo-a-mozzano-zDBZmasU/,0,6,1
24.02.2021,2021,italy,serie-d-group-d,Marignanese,Seravezza Pozzi,2.28,3.22,2.96,1.92,1.88,1.73,2.0,https://www.oddsportal.com/soccer/italy/serie-d-group-d/marignanese-seravezza-pozzi-EDcfrAq3/,0,2,1
17.01.2021,2021,italy,serie-d-group-d,Lentigione,Forli,2.04,3.4,3.32,1.85,1.95,1.73,2.0,https://www.oddsportal.com/soccer/italy/serie-d-group-d/lentigione-forli-fc-dMfvuJGk/,0,2,1
07.10.2020,2020,italy,serie-d-group-d,Marignanese,Aglianese Calcio,3.72,3.0,1.97,2.00,1.73,1.75,1.95,https://www.oddsportal.com/soccer/italy/serie-d-group-d/marignanese-aglianese-calcio-jqnDzk7D/,2,3,1
28.02.2021,2021,italy,serie-d-group-d,Correggese,Pro Livorno,2.52,3.38,2.52,1.83,1.98,1.62,2.15,https://www.oddsportal.com/soccer/italy/serie-d-group-d/correggese-pro-livorno-d0VoYPLe/,2,3,1
20.12.2020,2020,italy,serie-d-group-d,Rimini,Corticella,1.47,4.24,5.95,1.72,2.12,1.82,1.88,https://www.oddsportal.com/soccer/italy/serie-d-group-d/rimini-corticella-S0RaLXJa/,1,4,0
23.12.2020,2020,italy,serie-d-group-d,Pro Livorno,Rimini,2.28,3.4,2.84,1.77,2.05,1.67,2.15,https://www.oddsportal.com/soccer/italy/serie-d-group-d/pro-livorno-rimini-2JurYA35/,2,3,1
24.02.2021,2021,italy,serie-d-group-d,Lentigione,Correggese,1.88,3.22,4.1,1.91,1.89,1.73,2.0,https://www.oddsportal.com/soccer/italy/serie-d-group-d/lentigione-correggese-2wfjqjUd/,1,1,0
28.02.2021,2021,italy,serie-d-group-d,SCD Progresso,Prato,2.63,3.2,2.54,1.83,1.98,1.67,2.1,https://www.oddsportal.com/soccer/italy/serie-d-group-d/scd-progresso-prato-f7mYg7rF/,2,2,0
10.01.2021,2021,italy,serie-d-group-d,Aglianese Calcio,Real Forte Querceta,1.65,3.88,4.5,1.74,2.09,1.73,2.0,https://www.oddsportal.com/soccer/italy/serie-d-group-d/aglianese-calcio-real-forte-querceta-nVgUq82H/,0,4,1
16.12.2020,2020,italy,serie-d-group-d,Aglianese Calcio,G.S. Bagnolese,1.5,3.66,5.45,1.80,1.91,1.9,1.81,https://www.oddsportal.com/soccer/italy/serie-d-group-d/aglianese-calcio-g-s-bagnolese-AmJwiAif/,1,3,1
29.11.2020,2020,italy,serie-d-group-d,Rimini,Aglianese Calcio,2.4,3.24,2.75,2.02,1.79,1.78,1.92,https://www.oddsportal.com/soccer/italy/serie-d-group-d/rimini-aglianese-calcio-zZOg61Ee/,2,4,1
25.10.2020,2020,italy,serie-d-group-d,Forli,Sammaurese,1.61,3.78,5.05,1.96,1.84,1.85,1.85,https://www.oddsportal.com/soccer/italy/serie-d-group-d/forli-fc-sammaurese-d66Y06xG/,2,6,1
13.12.2020,2020,italy,serie-d-group-d,Pro Livorno,Sasso Marconi,1.9,3.42,3.76,1.78,2.04,1.7,2.02,https://www.oddsportal.com/soccer/italy/serie-d-group-d/pro-livorno-sasso-marconi-2qPY6Y46/,1,4,1
27.01.2021,2021,italy,serie-d-group-d,Correggese,Prato,2.56,2.98,2.71,1.80,1.91,1.66,2.1,https://www.oddsportal.com/soccer/italy/serie-d-group-d/correggese-prato-Eed2Gox3/,1,5,1
23.12.2020,2020,italy,serie-d-group-d,G.S. Bagnolese,Sasso Marconi,2.18,3.46,2.97,1.78,2.04,1.73,2.06,https://www.oddsportal.com/soccer/italy/serie-d-group-d/g-s-bagnolese-sasso-marconi-dtJGHkJO/,1,2,0
24.02.2021,2021,italy,serie-d-group-d,Prato,Corticella,1.34,4.74,7.9,1.74,2.09,2.0,1.73,https://www.oddsportal.com/soccer/italy/serie-d-group-d/prato-corticella-zTo3tlEF/,1,4,1
